<HelpMaster>
	<Link Name="winDebugOptions" HelpFile="index_create_course.html"/>
	<Link Name="winCreateFolder" HelpFile="index_create_course.html"/>
	<Link Name="frmWelcome" HelpFile="index.html"/>
	<Link Name="QuestionOnTheFly" HelpFile="index_questions_on_the_fly.html"/>
	<Link Name="frmPrefs_General" HelpFile="index_general_settings.html"/>
	<Link Name="frmPrefs_RE" HelpFile="index_registration_export_settings.html"/>
	<Link Name="frmPrefs_Scoring" HelpFile="index_scoring_settings.html"/>
	<Link Name="frmPrefs_QP" HelpFile="index_polling_settings.html"/>
	<Link Name="frmPrefs_Demographics" HelpFile="index_demographic_questions.html"/>
	<Link Name="frmAssign" HelpFile="index_loan_clicker.html"/>
	<Link Name="frmSummary" HelpFile="index_igrader_assign_credit.html"/>
	<Link Name="frmSessionDetail" HelpFile="index_igrader_functions.html"/>
	<Link Name="winUnregistered" HelpFile="index_manage_unregistered_clickers.html"/>
	<Link Name="winUnregisteredStudents" HelpFile="index_manage_unregistered_clickers.html"/>
	<Link Name="winDebugOptions_igrader" HelpFile="index_igrader_assign_credit.html"/>
	<Link Name="frmInstructorRegistration" HelpFile="index_general_settings.html"/>
	<Link Name="winNewExportOptions" HelpFile="index_exporting_grade_data.html"/>
	<Link Name="igrader_reports_choosesession" HelpFile="index_exporting_grade_data.html"/>
	<Link Name="igrader_searchstudent" HelpFile="index_igrader_search.html"/>
	<Link Name="igrader_assignRemote" HelpFile="index_igrader_functions.html"/>
	<Link Name="Question_List_Editor" HelpFile="index_question_list_overview.html"/>
	<Link Name="Unregistered_Search" HelpFile="index_manage_unregistered_clickers.html"/>
	<Link Name="igrader_reports_settings" HelpFile="index_reporting.html"/>
	<Link Name="igrader_reports_summary" HelpFile="index_reporting.html"/>
	<Link Name="registration" HelpFile="index_registration_options.html"/>
	<Link Name="chart" HelpFile="index_view_responses.html"/>
	<Link Name="demographics" HelpFile="index_demographic_questions.html"/>
	<Link Name="SPPResults" HelpFile="index_progress_chart.html"/>
	<Link Name="AnswerKeyEditor" HelpFile="index_spp_create_answer_key.html"/>
	<Link Name="SPPSettings" HelpFile="index_spp_answer_key.html"/>
</HelpMaster>